suite,cell,algo,n,utility_ratio,utility_ratio_lo,utility_ratio_hi,critical_ratio,critical_ratio_lo,critical_ratio_hi,coverage,coverage_lo,coverage_hi,tier0_share,tier0_share_lo,tier0_share_hi,coalition_share,coalition_share_lo,coalition_share_hi,duplicate_agent_s,duplicate_agent_s_lo,duplicate_agent_s_hi,msgs_per_node_s,msgs_per_node_s_lo,msgs_per_node_s_hi,recovery_median_s,recovery_median_s_lo,recovery_median_s_hi,recovered_frac,recovered_frac_lo,recovered_frac_hi,wall_s,wall_s_lo,wall_s_hi
latency,lat=0.02,cbba,15,0.7459553642397226,0.7325933479656977,0.7584249033351148,0.7084023032528793,0.6677574238190371,0.7421664321344192,0.9216773830650348,0.9167923724728015,0.9265597467931987,0.6497879950714882,0.6304856878675389,0.6685913687475084,0.0,0.0,0.0,3.3333333333333335,2.3,4.7,0.9995694444444444,0.9995046296296297,0.9996435185185185,nan,nan,nan,nan,nan,nan,6.043657149599919,5.9237723664382695,6.165259582556121
latency,lat=0.02,central,15,0.7666094653245984,0.7556478390583193,0.7776707408929375,0.787814733351727,0.7472149027070998,0.8240796731554137,0.9109758545116918,0.9067058061721333,0.9152810296209379,0.6505947572305925,0.6290535255993683,0.6719501576785493,0.0,0.0,0.0,0.0,0.0,0.0,1.0204027777777778,1.020337962962963,1.0204768518518519,nan,nan,nan,nan,nan,nan,2.07166412473307,2.0213428698197156,2.116997017362955
latency,lat=0.02,central_t12,15,0.7666094653245984,0.7559552043401659,0.7777653923586199,0.787814733351727,0.7480933535337096,0.8232396682989245,0.9109758545116918,0.9065375334892873,0.9152661985667762,0.6505947572305925,0.628810127353908,0.6717177867967914,0.0,0.0,0.0,0.0,0.0,0.0,1.0204027777777778,1.0203425925925924,1.0204722222222222,nan,nan,nan,nan,nan,nan,2.660314656599803,2.5224146742550295,2.790675927083081
latency,lat=0.02,cnp,15,0.7227534901208724,0.7042253303851835,0.7398960740656255,0.676143481737215,0.6211419400831594,0.7288006747038794,0.9000884153241974,0.8908750581106907,0.9075003991137139,0.6500205820076544,0.6324280590839326,0.6660500223375205,0.0,0.0,0.0,0.0,0.0,0.0,1.0121759259259258,1.0110645833333334,1.0136575231481482,nan,nan,nan,nan,nan,nan,1.7859411414002049,1.7302385438548935,1.8438142907388768
latency,lat=0.02,hesk3,15,0.8405041943611515,0.8301096267152439,0.850585223702972,0.8834310066128531,0.8454684679702313,0.9089883324706611,0.8994466059216574,0.8922429898611138,0.9063882079171751,0.8677659043983665,0.8392250030852372,0.8925962434196231,0.23650658282418296,0.2123739183747374,0.2637252528055508,0.0,0.0,0.0,1.0309212962962961,1.0264859953703702,1.0351624999999998,nan,nan,nan,nan,nan,nan,4.428203614600231,4.314869941900339,4.538689195667191
latency,lat=0.02,hesk5,15,0.8405041943611515,0.8301096267152439,0.850585223702972,0.8834310066128531,0.8454684679702313,0.9089883324706611,0.8994466059216574,0.8922429898611138,0.9063882079171751,0.8677659043983665,0.8392250030852372,0.8925962434196231,0.23650658282418296,0.2123739183747374,0.2637252528055508,0.0,0.0,0.0,1.0309212962962961,1.0264859953703702,1.0351624999999998,nan,nan,nan,nan,nan,nan,4.724260288066701,4.606808590675222,4.837194721151439
latency,lat=0.02,hesk6,15,0.8405041943611515,0.8294200959585523,0.851017149868898,0.8834310066128531,0.8462916908056071,0.9088962074760962,0.8994466059216574,0.8915139494061349,0.9064694371130572,0.8677659043983665,0.8385282153776288,0.8929086284406027,0.23650658282418296,0.21261289374764022,0.2634751179461191,0.0,0.0,0.0,1.0309212962962961,1.0266435185185185,1.0352085648148148,nan,nan,nan,nan,nan,nan,5.50326499959956,5.256696961747909,5.742201519087866
latency,lat=0.1,cbba,15,0.753348401190866,0.7349451437949011,0.7720936869056861,0.7301977687574959,0.6769712223284133,0.7836074542311018,0.9222178233669958,0.91589317045602,0.9280039394747148,0.6429852275038741,0.620490344618791,0.6623601559796127,0.0,0.0,0.0,5.433333333333334,4.033333333333333,6.8,0.999537037037037,0.9994953703703703,0.9995787037037036,nan,nan,nan,nan,nan,nan,5.838753218266599,5.695712440606673,5.987285185244545
latency,lat=0.1,central,15,0.7619213695969831,0.7495927020827957,0.7743130163053872,0.7817817178152505,0.7417897106591875,0.8215113938930672,0.9090653782661519,0.9043076190995242,0.9136795771333339,0.6404049266880312,0.6168710738399953,0.6614327663009508,0.0,0.0,0.0,0.0,0.0,0.0,1.0203703703703704,1.0203287037037037,1.020412037037037,nan,nan,nan,nan,nan,nan,2.0054342468664497,1.9442051306979404,2.074331362308079
latency,lat=0.1,central_t12,15,0.7619213695969831,0.7491475830204931,0.7747358684511751,0.7817817178152505,0.7416566468929401,0.8204486300108084,0.9090653782661519,0.9043609659425361,0.9137476070185538,0.6404049266880312,0.617299510921628,0.6615176054023847,0.0,0.0,0.0,0.0,0.0,0.0,1.0203703703703704,1.0203287037037037,1.020412037037037,nan,nan,nan,nan,nan,nan,2.248713440333449,2.1512957872347065,2.349869104496996
latency,lat=0.1,cnp,15,0.7191200937490045,0.7044624822331912,0.7327023513939229,0.6685320605350825,0.6184445780513051,0.7157796199371714,0.9023995969534462,0.8947893850737505,0.9093747462953666,0.6379258852469771,0.6180354188163868,0.6558080258632815,0.0,0.0,0.0,0.0,0.0,0.0,1.0114953703703702,1.0107035879629631,1.0124212962962964,nan,nan,nan,nan,nan,nan,1.7727164540665399,1.714839940118812,1.8352501126782834
latency,lat=0.1,hesk3,15,0.8300800543838783,0.8051718167432731,0.850303241753516,0.8455505377555764,0.7854189288150506,0.8931089663547294,0.8952590030522752,0.8878276397956963,0.9027323244372278,0.8609042870100925,0.8212910188238182,0.8929926522591839,0.24570954563296582,0.22117616849177782,0.2665295339990558,0.0,0.0,0.0,1.033236111111111,1.0282822916666667,1.0385510416666668,nan,nan,nan,nan,nan,nan,4.650000201199995,4.479412849118174,4.826437719528552
latency,lat=0.1,hesk5,15,0.8300800543838783,0.8051718167432731,0.850303241753516,0.8455505377555764,0.7854189288150506,0.8931089663547294,0.8952590030522752,0.8878276397956963,0.9027323244372278,0.8609042870100925,0.8212910188238182,0.8929926522591839,0.24570954563296582,0.22117616849177782,0.2665295339990558,0.0,0.0,0.0,1.033236111111111,1.0282822916666667,1.0385510416666668,nan,nan,nan,nan,nan,nan,4.941026534132956,4.794628292639421,5.086685700566683
latency,lat=0.1,hesk6,15,0.8228255910024678,0.8107780441537827,0.8347386766518934,0.8358995254346191,0.7865003817213325,0.8810680560802637,0.8737839964216023,0.8633082619937436,0.8840558889296565,0.9036717110271432,0.88962350752804,0.9161352751750245,0.2622743158979092,0.2408508355729826,0.28850046914476757,0.0,0.0,0.0,1.0322638888888889,1.0285413194444444,1.0357733796296298,nan,nan,nan,nan,nan,nan,5.578662644600142,5.361756533853365,5.784064312083535
latency,lat=0.25,cbba,15,0.7488225178604824,0.729068961570623,0.7692067121032556,0.7086936718412977,0.6439939382729672,0.7770407619818559,0.9256602627796287,0.9207057968477852,0.9291912638037358,0.6381277058214535,0.6095360339980674,0.6646227631363224,0.0,0.0,0.0,10.866666666666667,8.033333333333333,13.433333333333334,0.9995648148148149,0.9994999999999999,0.9996296296296295,nan,nan,nan,nan,nan,nan,6.004000166266875,5.867127050831862,6.155325195885068
latency,lat=0.25,central,15,0.7618210210033832,0.7447119660174227,0.7768589134347602,0.7891672180869252,0.7335832831100543,0.8390251816270792,0.9077126819601938,0.9046861333874988,0.9108604147390564,0.642011465342128,0.6110209516130904,0.6693049319084996,0.0,0.0,0.0,0.0,0.0,0.0,1.0203981481481483,1.020333333333333,1.020462962962963,nan,nan,nan,nan,nan,nan,2.0366930159333907,1.967117095160235,2.1016584411085115
latency,lat=0.25,central_t12,15,0.7618210210033832,0.7455910044095118,0.7767700526613406,0.7891672180869252,0.7351703438496718,0.837187563235738,0.9077126819601938,0.9047407377587814,0.910946474527046,0.642011465342128,0.6119731455477783,0.6698635838080973,0.0,0.0,0.0,0.0,0.0,0.0,1.0203981481481479,1.020333333333333,1.0204629629629627,nan,nan,nan,nan,nan,nan,2.296910245266796,2.1814507294818517,2.4123291852516955
latency,lat=0.25,cnp,15,0.04991649726140899,0.03966082836919498,0.062146834519329446,0.10430895650656785,0.050827779846834946,0.163333874173788,0.06151885073788595,0.06038461571899418,0.06271810987458391,0.26666666666666666,0.06666666666666667,0.5333333333333333,0.0,0.0,0.0,0.0,0.0,0.0,1.269898148148148,1.2554942129629627,1.283431712962963,nan,nan,nan,nan,nan,nan,1.902117332666603,1.849322677708066,1.9550695386316086
latency,lat=0.25,hesk3,15,0.04991649726140899,0.03966082836919498,0.062146834519329446,0.10430895650656785,0.050827779846834946,0.163333874173788,0.06151885073788595,0.06038461571899418,0.06271810987458391,0.26666666666666666,0.06666666666666667,0.5333333333333333,0.0,0.0,0.0,0.0,0.0,0.0,1.4126157407407407,1.4120969907407406,1.413134375,nan,nan,nan,nan,nan,nan,2.379099820600095,2.3121038363684265,2.439448259776576
latency,lat=0.25,hesk5,15,0.04991649726140899,0.03966082836919498,0.062146834519329446,0.10430895650656785,0.050827779846834946,0.163333874173788,0.06151885073788595,0.06038461571899418,0.06271810987458391,0.26666666666666666,0.06666666666666667,0.5333333333333333,0.0,0.0,0.0,0.0,0.0,0.0,1.4126157407407407,1.4120969907407406,1.413134375,nan,nan,nan,nan,nan,nan,2.6764847046002007,2.585926962766707,2.7644463193239
latency,lat=0.25,hesk6,15,0.7738929602608801,0.7519053216607641,0.7949375741664341,0.7562073407825498,0.6846104086440495,0.8181998582760489,0.8659477903042585,0.8535593615160434,0.8772343112100033,0.8364864813201124,0.81103921771892,0.862791107101413,0.21608572071114326,0.19003422763544894,0.24216224551172355,0.0,0.0,0.0,1.041060185185185,1.0365925925925927,1.0456528935185185,nan,nan,nan,nan,nan,nan,5.585630523400081,5.470924179735109,5.706260209273644
latency,lat=0.5,cbba,15,0.7418915480651181,0.7278324265816684,0.7547182995041279,0.6902423091570635,0.6492150217446717,0.7291802907188727,0.923137190644674,0.9157391436711855,0.9297458572311537,0.6231758631369932,0.6026259787824946,0.6442582776171164,0.0,0.0,0.0,20.4,16.7325,24.4,0.9995324074074075,0.9994675925925925,0.9995972222222222,nan,nan,nan,nan,nan,nan,6.148326589533463,6.02404498424985,6.26199826942181
latency,lat=0.5,central,15,0.7539677799023434,0.7394384213805619,0.766588437954495,0.7432438898782507,0.6991632535048754,0.7826399841158015,0.9100726045268792,0.9072925457316448,0.9126713625393017,0.6298046526805804,0.603903596085273,0.6528496319260133,0.0,0.0,0.0,0.0,0.0,0.0,1.0203657407407407,1.020300925925926,1.0204305555555557,nan,nan,nan,nan,nan,nan,2.1212110584668458,2.061072359115163,2.1870039437501725
latency,lat=0.5,central_t12,15,0.7539677799023434,0.7401863547391433,0.7667487494661839,0.7432438898782506,0.6998251647594242,0.7842692714055327,0.9100726045268791,0.9072084046303283,0.912579769411382,0.6298046526805805,0.6039406150030424,0.6532819393177187,0.0,0.0,0.0,0.0,0.0,0.0,1.0203657407407407,1.0202962962962965,1.0204306712962965,nan,nan,nan,nan,nan,nan,2.583183919933314,2.4338284484421036,2.734877736790022
latency,lat=0.5,cnp,15,0.037868955983159626,0.028898010890132515,0.05068502918492491,0.07201439227668338,0.02766748102724226,0.13090090811983776,0.061271233740541255,0.0602445710414957,0.062376339053712544,0.06666666666666667,0.0,0.2,0.0,0.0,0.0,0.0,0.0,0.0,1.2620972222222222,1.2478100694444445,1.2762871527777777,nan,nan,nan,nan,nan,nan,1.9566376233335177,1.8966834308586054,2.0192348513283926
latency,lat=0.5,hesk3,15,0.037868955983159626,0.028898010890132515,0.05068502918492491,0.07201439227668338,0.02766748102724226,0.13090090811983776,0.061271233740541255,0.0602445710414957,0.062376339053712544,0.06666666666666667,0.0,0.2,0.0,0.0,0.0,0.0,0.0,0.0,1.4111064814814813,1.4106759259259258,1.4115462962962964,nan,nan,nan,nan,nan,nan,2.5429174350666774,2.476982503393616,2.6027945832132873
latency,lat=0.5,hesk5,15,0.037868955983159626,0.028898010890132515,0.05068502918492491,0.07201439227668338,0.02766748102724226,0.13090090811983776,0.061271233740541255,0.0602445710414957,0.062376339053712544,0.06666666666666667,0.0,0.2,0.0,0.0,0.0,0.0,0.0,0.0,1.4111064814814813,1.4106759259259258,1.4115462962962964,nan,nan,nan,nan,nan,nan,2.7813959542665545,2.6929137649649237,2.86626414978807
latency,lat=0.5,hesk6,15,0.775869411119039,0.7591691623386555,0.7927299174799342,0.7849455557098971,0.7417646088429786,0.8257208518296185,0.8554449945807739,0.8459162221409875,0.8644748094716419,0.8390660429594663,0.8041863660175749,0.8736537863700453,0.25057689940104455,0.22204990455366042,0.27808925197025997,0.0,0.0,0.0,1.0315648148148149,1.0281851851851853,1.0346396990740738,nan,nan,nan,nan,nan,nan,6.415988312933283,6.231688379105247,6.599087697058306
latency,lat=1,cbba,15,0.7581491972658352,0.7385830131552964,0.7791054942361719,0.7360300923833022,0.6786853915889214,0.7972032679321578,0.924095059601086,0.9157521677281393,0.9309823989848051,0.6577737962041065,0.6353475880748445,0.6806985461455644,0.0,0.0,0.0,51.8,44.965833333333336,59.1,0.9995925925925927,0.9995185185185186,0.999662037037037,nan,nan,nan,nan,nan,nan,6.35832454479981,6.160300408396361,6.591469576986416
latency,lat=1,central,15,0.7665893709846124,0.75209982483615,0.78042967451022,0.7949049260596568,0.7461977629905905,0.8398297966593453,0.9056717426098034,0.9026794891308934,0.9090651057453194,0.6634311462841397,0.6379362963163223,0.68909902231507,0.0,0.0,0.0,0.0,0.0,0.0,1.0204259259259256,1.020351851851852,1.0204953703703703,nan,nan,nan,nan,nan,nan,2.161443583466947,2.0860893563606018,2.2346378926950394
latency,lat=1,central_t12,15,0.7665893709846124,0.7520191945403886,0.7801692217740374,0.7949049260596569,0.7461894198392882,0.8391517213801267,0.9056717426098034,0.9025786460748602,0.9089545230228381,0.6634311462841397,0.6376705460502048,0.688094630552658,0.0,0.0,0.0,0.0,0.0,0.0,1.0204259259259256,1.020351851851852,1.0204953703703703,nan,nan,nan,nan,nan,nan,2.6706902009998883,2.5635219749296145,2.776206459411654
latency,lat=1,cnp,15,0.3869691685716337,0.3422650434975416,0.4349947726586164,0.27092358163169317,0.20346812460229344,0.34501616433333077,0.5990113761297859,0.5348095595497546,0.6642813028617472,0.5303918873354722,0.4921322219721527,0.5706224851437869,0.0,0.0,0.0,0.03333333333333333,0.0,0.1,1.168935185185185,1.1420686342592594,1.1942196759259263,nan,nan,nan,nan,nan,nan,2.1009821404664155,2.0141566190813376,2.1990870176562627
latency,lat=1,hesk3,15,0.3224259064174675,0.2811371670924202,0.3611363084651838,0.26066254494675667,0.1978936177969889,0.32382093916373744,0.5146822379281351,0.4582444474046974,0.5706058131794276,0.46337417493064836,0.3979352936656186,0.5195078613712907,0.0,0.0,0.0,0.0,0.0,0.0,1.2700648148148148,1.250432986111111,1.2892652777777778,nan,nan,nan,nan,nan,nan,4.746650745667042,4.4599121410418325,5.0476238002072416
latency,lat=1,hesk5,15,0.3224259064174675,0.2811371670924202,0.3611363084651838,0.26066254494675667,0.1978936177969889,0.32382093916373744,0.5146822379281351,0.4582444474046974,0.5706058131794276,0.46337417493064836,0.3979352936656186,0.5195078613712907,0.0,0.0,0.0,0.0,0.0,0.0,1.2700648148148148,1.250432986111111,1.2892652777777778,nan,nan,nan,nan,nan,nan,4.979875695333006,4.690776671563035,5.282884544569136
latency,lat=1,hesk6,15,0.7671673567869272,0.7543159336235207,0.7787895584550173,0.7906097725515094,0.7461816061758407,0.8292445167880623,0.8399982869417727,0.8322828396029646,0.8477567841145457,0.8323318663869771,0.8057765936637282,0.8608930326900809,0.20546444143134773,0.1670171769600061,0.24412646919474848,0.0,0.0,0.0,1.0228564814814816,1.0210542824074071,1.0245881944444446,nan,nan,nan,nan,nan,nan,6.753992902733322,6.547169944561138,6.973239437599972
latency,lat=2,cbba,15,0.7687002857096021,0.7538698114373972,0.7828577308541466,0.7848888008241471,0.7331496123616623,0.8337629050460338,0.9282232532834168,0.9224045468389429,0.9338737372245575,0.6727221276594955,0.6547590424274734,0.6901264517449164,0.0,0.0,0.0,142.0,125.065,159.1,0.9995833333333333,0.9995046296296296,0.999648263888889,nan,nan,nan,nan,nan,nan,6.5182415519334125,6.340231845849913,6.701425421398553
latency,lat=2,central,15,0.7716089604892385,0.7596016471239797,0.7834379492565126,0.8332523049492433,0.7972585430924969,0.8654816416485686,0.8974131089771806,0.89149771928786,0.9031064088185538,0.6791882886639258,0.657950720934036,0.6994784264553059,0.0,0.0,0.0,0.0,0.0,0.0,1.0204305555555555,1.020351851851852,1.0205046296296296,nan,nan,nan,nan,nan,nan,2.2984020047999367,2.182048985454909,2.424539579911795
latency,lat=2,central_t12,15,0.7749054419853163,0.7632506982399192,0.7862928661943596,0.8341414833051293,0.7992408688206177,0.8659912056471172,0.9020958528409623,0.8960418280290758,0.9074731164321875,0.6790377913585618,0.6577122200490323,0.6988329083652832,0.0,0.0,0.0,0.0,0.0,0.0,1.0204166666666667,1.0203425925925926,1.020486111111111,nan,nan,nan,nan,nan,nan,2.542371496133152,2.408925987385001,2.677064503916263
latency,lat=2,cnp,15,0.5746822541871175,0.5555125281467421,0.5939299880460834,0.5221158131313611,0.4656011167054839,0.5803714057003434,0.8602924308329017,0.8533550892935271,0.86654110486748,0.5738543522885539,0.550031180953381,0.5987758491180742,0.0,0.0,0.0,0.0,0.0,0.0,1.0476203703703701,1.0456017361111112,1.0496112268518518,nan,nan,nan,nan,nan,nan,2.1033752503335563,2.0251010815235895,2.2011724258704115
latency,lat=2,hesk3,15,0.5815063926104043,0.552657612038733,0.6086683068506855,0.5465207639190821,0.47864550906112263,0.6190985837702528,0.853766859921277,0.8453646127108877,0.8609700463736997,0.5875743495076329,0.5652064357101182,0.6102521633679442,0.022503035370168786,0.005568178155628392,0.04315040038423257,0.0,0.0,0.0,1.0979907407407408,1.0937355324074078,1.1033440972222224,nan,nan,nan,nan,nan,nan,6.854385125133679,6.554245016416959,7.165156170375582
latency,lat=2,hesk5,15,0.6336269209782693,0.6079044510147811,0.6588076862537897,0.6192167169302742,0.5551980712741064,0.6873341845155535,0.8614572589789931,0.8476271830980782,0.8736271237634152,0.6132921215521866,0.5843084113216015,0.6403611842288022,0.015177437946714358,0.004484052676278156,0.026791645115813365,0.0,0.0,0.0,1.0856064814814814,1.0825876157407408,1.0887689814814814,nan,nan,nan,nan,nan,nan,7.568439912533601,7.190246225378563,7.9997622308902585
latency,lat=2,hesk6,15,0.6711637366694579,0.6436750362253606,0.6977917768139731,0.7175080327708971,0.6495536274461697,0.7802346230767446,0.7984307758521553,0.7809796893700717,0.8156444653846031,0.725386020827176,0.7030467151245583,0.7501876778826726,0.07602525350837146,0.059751971053937716,0.09364199530553538,0.43333333333333335,0.0,1.0666666666666667,1.0180555555555555,1.0174675925925927,1.0186527777777774,nan,nan,nan,nan,nan,nan,7.345424431733288,6.976696218185064,7.708910698455011
